model,mode,scenario_count,precision,recall,f1,scenario_exact_match_accuracy,clean_design_specificity,unsupported_claim_rate,parse_success_rate,abstention_rate,citation_correctness,traceability_completeness,median_latency_ms
qwen2.5:7b,llm_only,40,0.05660377358490566,0.1111111111111111,0.075,0.0,0.0,0.9433962264150944,1.0,0.0,1.0,1.0,119154.2685500026
qwen2.5:7b,retrieval_grounded,40,0.06741573033707865,0.1111111111111111,0.0839160839160839,0.05,0.0,0.9325842696629213,0.9,0.1,0.0,0.9101123595505618,110056.42700000317
qwen2.5:7b,hybrid_explainer,40,0.5822784810126582,0.8518518518518519,0.6917293233082706,0.55,0.0,0.4177215189873418,0.975,0.025,0.8734177215189873,1.0,98672.0759000018
llama3.1:8b,llm_only,40,0.08547008547008547,0.18518518518518517,0.1169590643274854,0.0,0.0,0.9145299145299145,0.95,0.05,1.0,0.9658119658119658,127214.1924000025
llama3.1:8b,retrieval_grounded,40,0.07692307692307693,0.2222222222222222,0.1142857142857143,0.0,0.0,0.9230769230769231,0.975,0.025,0.0,0.9807692307692307,145470.68570001284
llama3.1:8b,hybrid_explainer,40,0.41228070175438597,0.8703703703703703,0.5595238095238095,0.425,0.0,0.5877192982456141,0.925,0.075,0.7807017543859649,1.0,140674.11464999896
mistral:7b,llm_only,40,0.04477611940298507,0.05555555555555555,0.04958677685950413,0.0,0.0,0.9552238805970149,0.525,0.475,1.0,0.9701492537313433,282320.15554999816
mistral:7b,retrieval_grounded,40,0.06521739130434782,0.1111111111111111,0.08219178082191779,0.05,0.0,0.9347826086956522,0.725,0.275,0.0,0.989010989010989,214006.28790000337
mistral:7b,hybrid_explainer,40,0.5616438356164384,0.7592592592592593,0.6456692913385828,0.575,0.0,0.4383561643835616,0.95,0.05,0.8082191780821918,1.0,118722.35099998943
